taxon,species,U1,U1,U1,U1,U1,U2,U2,U2,U2,U2,U3,U3,U3,U3,U3,C1,C1,C1,C1,C1,C2,C2,C2,C2,C2,C3,C3,C3,C3,C3,C4,C4,C4,C4,C4,L1,L1,L1,L1,L1,L2,L2,L2,L2,L2,L3,L3,L3,L3,L3
fish,Abramis brama,6188,3745,7955,10336,4521,10289,6077,7912,4789,5661,1372,7459,9441,2596,17138,2630,2717,3508,8668,3965,0,6975,2132,4423,5336,0,10335,16172,0,1408,3996,50,3182,7598,4002,0,0,0,0,0,0,0,0,0,0,0,0,0,0,0
fish,Agonus cataphractus,0,0,0,0,0,0,0,0,0,0,0,0,0,0,0,0,0,0,0,0,0,0,0,0,0,0,0,0,0,0,0,0,8,0,0,0,0,0,0,0,0,0,0,0,0,0,0,0,0,0
fish,Ammodytes marinus,0,0,0,0,0,0,0,0,0,0,0,0,0,0,0,0,0,0,0,0,0,0,0,0,0,0,0,0,0,0,5,0,0,0,0,3038,6526,8074,2740,0,3101,9227,2550,6939,4851,0,1602,0,3678,0
fish,Anguilla anguilla,1589,1066,1570,1554,1877,2497,0,377,4228,844,1868,1284,5205,0,3108,3042,4180,0,1194,195,0,1485,0,2315,0,4175,0,11,1756,0,3070,0,15,0,0,0,0,0,3235,0,0,0,0,0,0,0,0,0,0,0
fish,Barbatula barbatula,160,0,1176,2898,0,1130,0,2,259,0,603,1113,756,11,1929,0,0,0,2050,2017,0,1669,0,0,0,0,0,0,0,0,0,0,0,0,3639,0,0,0,910,0,0,0,0,0,0,0,0,0,0,0
fish,Barbus barbus,0,0,0,0,0,0,0,0,0,0,0,753,0,0,0,0,0,0,0,0,0,0,0,0,0,0,0,0,0,0,0,0,0,0,0,0,0,0,0,0,0,0,0,0,0,0,0,0,0,0
fish,Blicca bjoerkna,0,0,0,0,0,346,3,0,0,0,0,3402,0,507,1581,0,0,0,0,0,1271,1698,0,0,0,0,0,0,0,0,0,0,0,0,0,0,0,0,0,0,0,0,0,0,0,0,0,0,0,0
fish,Chelon labrosus,0,0,0,0,0,0,0,0,0,0,0,0,0,0,0,0,0,0,0,0,0,0,0,0,0,0,5466,0,0,0,0,0,0,0,0,0,0,0,0,0,0,0,0,0,0,0,0,0,0,0
fish,Ciliata mustela,0,0,0,0,0,0,0,0,0,0,0,0,0,0,0,0,0,0,0,6,0,0,1348,0,0,0,0,0,0,29,3,0,47,6,0,0,0,0,13555,0,0,1234,0,347,0,0,0,0,0,0
fish,Clupea harengus,0,0,0,0,0,17,5,6,0,0,0,0,0,0,0,0,0,0,0,0,0,0,0,0,0,0,27,0,0,0,7285,16,0,0,0,0,0,0,0,0,0,192,0,2858,818,0,26,0,319,91
fish,Cottus gobio,1911,0,0,1027,698,1105,950,2507,2310,0,3491,4666,1245,1157,497,0,2249,302,4024,0,0,0,0,884,0,0,0,0,0,1011,0,0,5348,0,0,0,0,0,0,0,0,0,0,0,0,0,0,0,0,0
fish,Cyprinus carpio,503,899,331,522,0,205,0,1229,0,0,0,2154,0,0,0,0,0,0,0,0,0,0,0,0,0,0,0,0,0,0,0,0,0,0,0,0,0,0,0,0,0,0,0,0,0,0,0,0,0,0
fish,Dicentrarchus labrax,0,0,421,1145,0,0,1035,0,0,0,3144,881,0,0,0,0,0,707,0,0,0,0,0,0,0,0,0,0,0,0,0,0,0,4710,4,0,0,0,0,0,0,0,0,0,0,0,0,2,0,0
fish,Esox lucius,344,0,0,0,0,1186,0,0,0,442,0,832,37,1327,0,0,0,0,4839,0,0,0,955,0,0,0,0,0,0,0,0,0,0,0,0,0,0,0,3983,0,0,0,0,0,6,0,0,5,0,0
fish,Gadus morhua,0,0,0,0,0,0,0,0,0,0,0,0,0,0,0,0,0,0,0,0,0,0,0,0,0,0,0,0,0,0,25,0,0,0,0,0,0,0,0,0,0,1328,350,0,0,0,644,0,0,0
fish,Gasterosteus aculeatus,1168,1388,5022,4668,894,4501,3463,3986,4140,4185,8443,7585,5475,9629,6652,4540,4633,5356,7171,1548,0,1141,18011,2588,11058,1465,0,0,5574,0,0,0,2391,878,0,0,5057,0,0,0,0,0,0,0,0,0,0,0,0,0
fish,Gobio gobio,5022,1531,3250,4482,3036,3639,4173,2034,1539,835,2812,5084,1418,0,2606,1216,0,377,0,0,4543,3146,0,0,2139,4067,4876,0,0,0,0,7086,0,0,439,0,0,0,0,0,0,0,0,0,0,0,0,0,0,0
fish,Gymnocephalus cernua,0,0,0,0,0,0,0,0,0,0,11,0,0,0,0,0,0,0,0,0,0,0,0,0,0,0,0,0,0,0,0,0,0,0,0,0,0,0,0,0,0,0,0,0,0,0,0,0,0,0
fish,Leuciscus idus,4,0,0,0,4,5,7,6,4,8,5,0,2,0,0,0,0,0,0,0,0,22,4,38,0,0,0,0,0,0,0,0,0,0,0,0,0,0,0,0,0,0,0,0,0,0,0,0,0,0
fish,Leuciscus leuciscus,1742,0,0,549,745,0,0,0,1541,0,243,0,0,0,0,116,0,501,0,0,0,0,1544,0,0,0,0,0,0,0,0,0,0,0,0,0,0,0,0,0,0,0,0,0,0,0,0,0,0,0
fish,Limanda limanda,0,0,0,0,0,0,0,0,0,0,0,0,0,0,0,0,0,0,0,9,0,0,0,0,0,0,0,0,0,0,40,19,10,6,0,0,0,0,0,0,0,573,0,0,0,0,0,0,490,0
fish,Lipophrys pholis,0,0,0,0,0,0,0,0,0,0,0,0,0,0,0,0,0,0,0,0,0,0,0,0,0,0,0,0,0,0,0,4,0,0,0,0,0,0,347,0,0,0,0,0,0,0,0,0,0,0
fish,Merlangius merlangus,0,0,0,0,0,0,9,0,9,0,0,0,0,0,0,0,0,0,0,29,0,0,0,0,0,0,8578,0,0,0,7114,41,33,23,8,651,0,0,5653,6639,1250,4200,912,6032,5945,2303,6665,0,11679,4463
fish,Oncorhynchus mykiss,0,248,0,0,0,0,0,0,0,0,0,0,0,459,0,9,0,0,0,0,0,0,0,0,0,0,0,0,0,0,0,0,0,0,0,0,0,0,0,0,0,0,0,0,0,0,0,0,0,0
fish,Perca fluviatilis,0,398,200,2023,294,6968,807,0,0,0,0,565,13,10,1267,0,0,0,0,0,0,0,0,0,0,0,5395,0,2880,883,0,0,0,2331,0,0,0,0,0,0,0,0,0,0,0,0,0,0,0,0
fish,Phoxinus phoxinus,7967,5358,1774,4674,14176,6353,12546,9185,7301,2137,0,7844,6324,5948,1920,0,482,2750,0,635,0,2528,1612,65,4223,3799,4388,0,0,311,0,5655,5110,0,0,2371,0,0,0,8895,0,0,0,6,0,0,0,0,0,0
fish,Platichthys flesus,0,5,4,0,0,0,0,87,10,0,0,0,0,1034,0,0,0,114,1887,674,0,3429,1033,0,3178,0,0,0,0,1457,0,9534,12191,4105,2901,403,5708,8640,2288,0,0,1590,0,16891,4306,0,3210,0,0,0
fish,Pleuronectes platessa,0,0,0,0,0,0,0,0,0,0,0,0,0,0,0,0,0,0,0,0,0,0,0,0,0,0,0,0,0,0,0,0,0,0,0,0,0,0,0,0,0,0,0,13,0,0,0,0,0,0
fish,Pollachius pollachius,0,0,0,0,0,0,0,0,0,0,0,0,0,0,0,0,0,0,0,0,0,0,0,0,0,0,0,0,0,0,0,0,0,0,0,0,0,0,0,0,0,0,0,2,0,0,0,0,448,0
fish,Pomatoschistus microps,0,0,0,53,0,0,0,0,0,0,0,32,0,0,0,930,0,0,0,0,0,0,0,0,0,0,0,0,0,0,0,0,0,0,0,0,0,0,0,0,0,0,1255,0,11,0,0,0,0,0
fish,Pomatoschistus minutus,0,0,0,0,0,0,17,2,0,0,2,0,6,0,0,0,0,3,0,0,0,0,0,0,0,25,0,0,0,0,0,0,0,0,3,0,0,0,0,0,0,0,0,0,0,0,0,0,0,0
fish,Rutilus rutilus,9446,8878,4744,21633,13090,15724,16940,20397,17372,7815,4930,8350,22925,12742,14913,5466,2217,9534,2429,130,3807,7098,6430,8181,0,5772,2120,3235,1842,2812,5348,109,15605,1763,5098,2791,0,0,5777,0,0,0,411,0,0,0,0,0,169,0
fish,Salmo salar,0,0,189,0,0,479,853,2,2,0,0,0,0,0,0,0,0,0,0,0,0,0,0,0,0,0,0,0,0,0,0,0,0,0,0,0,0,0,0,0,0,1768,0,0,0,0,0,0,0,0
fish,Salmo trutta,0,75,0,1381,691,754,2900,2532,102,0,0,0,2505,0,2706,0,0,0,0,0,0,0,3626,0,2067,0,2561,0,2549,0,0,0,0,0,0,0,0,0,0,0,0,0,0,0,0,0,0,0,1245,0
fish,Scomber scombrus,0,0,273,0,0,0,0,0,0,0,0,0,0,0,0,0,0,0,0,0,0,0,0,828,0,0,0,0,0,0,0,0,0,0,0,0,0,0,0,0,0,1620,0,0,0,0,0,0,0,0
fish,Scophthalmus maximus,0,0,0,0,0,0,0,0,0,0,0,0,0,0,0,0,0,0,0,0,0,0,0,0,0,0,0,0,0,0,0,0,0,0,0,0,0,0,0,0,0,0,0,0,0,0,0,0,2148,0
fish,Solea solea,0,0,0,0,0,0,0,0,0,0,0,0,0,0,0,0,0,0,0,0,0,0,0,0,0,0,2,0,2,0,0,18,0,0,0,0,0,0,0,0,0,4057,0,0,0,0,0,0,174,2562
fish,Sparus aurata,0,0,0,0,0,0,0,0,0,0,0,0,0,0,0,0,0,0,0,0,0,0,0,0,0,0,0,0,0,0,0,0,0,0,0,0,0,0,0,0,0,0,0,0,0,0,0,0,1463,0
fish,Sprattus sprattus,0,0,0,0,0,0,0,14,0,0,0,0,0,0,0,0,0,0,0,0,0,0,0,0,0,0,0,0,0,0,44,22,5,2,0,0,0,0,0,0,0,3117,0,0,15,1631,0,0,2378,0
fish,Squalius cephalus,2,13,0,1340,465,0,0,0,506,0,998,1752,0,0,0,2951,0,0,0,0,0,0,0,2244,0,0,0,0,0,0,0,0,0,0,3340,0,0,0,0,0,0,0,0,0,0,0,0,0,0,0
fish,Syngnathus rostellatus,0,0,0,0,0,0,0,0,0,0,0,0,0,0,0,0,0,0,0,0,0,0,0,0,0,0,0,0,0,0,0,0,0,0,0,0,0,0,0,0,0,0,521,0,0,0,0,0,0,0
fish,Thymallus thymallus,0,0,0,0,541,0,0,0,892,0,0,0,0,0,959,0,0,0,0,0,0,0,0,0,0,0,963,0,0,0,0,0,0,0,0,0,0,0,0,0,0,0,0,0,0,0,0,0,0,0
fish,Tinca tinca,0,0,0,0,0,0,0,0,0,0,622,0,0,0,0,0,0,0,0,0,0,0,0,0,0,0,0,0,0,0,0,0,0,0,0,0,0,0,0,0,0,0,0,0,0,0,0,0,0,0
fish,Trisopterus luscus,0,0,0,0,0,0,0,0,0,0,0,0,0,0,0,0,0,0,0,0,0,0,0,0,0,0,0,0,0,0,0,0,6,0,0,0,0,0,0,0,0,0,0,0,0,0,0,0,0,0